1|"@Aran Komatsuzaki OpenAI silently released a 15M subset of the dataset of image-text pairs used to train CLIP. "
0|"@Google AI Today we present a new approach for automated discovery of generalizable #ReinforcementLearning algorithms that evolves a population of loss functions — represented by computational graphs — over a set of simple training environments. Learn more at "
1|@DeepMind Today our machine learning and distributed computing teams, along with Google Brain, are releasing Launchpad, a system for building distributed machine learning algorithms. Visit for the code, examples, and some distributed RL agents!
0|"@ZenML Where is ZenML fitting in the crowded #MLOps landscape? Follow our Co-Creator @htahir111 through a demo in a #jupyternotebook creating a ML Pipeline from scratch up until deployment with a few lines of code. Every #datascientist will understand it "
0|"@elvis The NLP Cookbook: Modern Recipes for Transformer based Deep Learning Architectures This is one of the best overviews of Transformer based models for NLP I've seen. A good read for ML engineers/researchers wanting to learn about modern NLP techniques. "
0|"@Tuomo Hiippala Hey! Three new entry-level tutorials on word embeddings in @spacy_io! The basics: Visualising word embeddings via whatlies: Contextual word embeddings from Transformers: "
2|"@Aran Komatsuzaki Carbon Emissions and Large Neural Network Training Argues that the choice of DNN, datacenter, and processor can reduce the carbon footprint up to ~100-1000x. "
2|@Weights & Biases We’re excited to launch Fully Connected, v2 of our ML community today! FC brings together ML engineers to share research ideas learn from industry leaders discover the latest tools &amp; papers collaborate on projects together Everyone is welcome
0|"@Benjamin Bach Join our infosession for the summer online course \""Data Visualization for Professionals\"". The course is open to all working professionals (including university staff), fee waivers available. @InfAtEd @EdinburghUni @CodeBaseTech @DataLabScotland #dataviz "
0|"@Thomas Wolf The amazing @GuggerSylvain presenting the latest @huggingface open-source library \""accelerate\"" at the PyTorch Ecosystem Days #PTED21 Check it out here: And here: "
0|"@Leigha Jarett Come listen to me talk about accelerating AI experimentation at the @googlecloud Data Summit in a few weeks "
0|"@Sid Radcliffe Hi @aureliengeron, thanks for Hands-On Ml; your autodiff appendix inspired this [1] blog post, which inspired this [2] mini deep learning framework. [1] [2] "
0|"@Matthew Carrigan My first new-style TF example in Transformers is live! The plan is to use native, idiomatic Keras - that means no more TFTrainer class, among other changes. Multi-GPU+TPU training through tf.distribute.Strategy as well as many more examples coming soon! "
1|"@pytorch-ignite Excited to announce our new Code-Generator application to generate your training scripts with PyTorch-Ignite : "
0|"@Towards Data Science How to choose among the many machine learning certificates available out there? @SaraMetwalli lists 6 she recommends. "
0|"@Teemu Roos I’ll let you in on a little secret... these online courses are all free Reddit link: "
1|"@Kornia After several months of work, we are happy to release our new website Kornia: Computer Vision 2.0 - the low level and differentiable #computervision library for @PyTorch #opensource #computervision #ai #DeepLearning "
0|"@elvis Machine Learning @ VU Loving these bite-sized lectures for the introductory machine learning course by @pbloemesquire. Having the lectures broken down into 10-20 mins clips will surely help to consume the content more easily. "
0|"@Ashley Ruba How do artificial neural networks represent human emotions? Really cool and trippy science! "
1|"@Tanha Kabir REST Book is published on the marketplace for VS Code Insiders! It’s a Notebook extension to make and review REST calls. I previewed REST Book on @code’s livestream last week! Here’s a recording if you missed it: REST Book: "
0|"@Leigh Launching *any* product as a solo founder is a high-risk bet, let alone one backed by AI/ML! Find out how I beat the odds with a winning machine learning strategy Deep dive into how I built Print Nanny, automated failure detection for 3D printers "
2|"@William Falcon Huge kudos to the @MSFTResearch team! GPT-3 sized models on a single GPU! Use deepspeed with lightning: "
1|"@elvis Machine learning powered Linux shell A cool project showing how to use @OpenAI's API to build a basic program that turns task descriptions into commands. full video: blog: "
1|"@ Paige Bailey @ 127.0.0.1 #BLM Agreed! The Error Lens extension makes diagnostic messages stand out more prominently, including: Highlighting lines containing diagnostics Appending diagnostic as text to the end of the line Showing icons in gutter Showing message in status bar "
2|"@Tecton More than 6,000 registered for the first apply() conference, starting on Wednesday. Still time to join and learn from &gt;40 experts and practitioners in data engineering from ML. Register free #ApplyConf #MLOps #MachineLearning "
0|@arXiv Daily ZeRO-Infinity: Breaking the GPU Memory Wall for Extreme Scale Deep Learning by Samyam Rajbhandari et al. including @jeffra45 #DeepLearning #OpenSource
2|"@Martin Ford Computer programming is becoming increasingly succeptible to automation. #deeplearning #AI "
1|"@Jesse Vig Excited to announce SummVis, an interactive visualization tool for analyzing summarization models , data , and evaluation metrics. arXiv: code: w/@iam_wkr @krandiash @nazneenrajani @SFResearch @StanfordAILab 1/N "
2|"@Hydra Join us on the PyTorch Ecosystem Day on April 21, 2021 and learn more about how Hydra helps simplify your code and workflow! In addition to poster sessions, we will also host a breakout room on 9:50AM- 10:30AM PST! Register: #PTED21 "
2|"@Machine Learning Street Talk We spoke with @fchollet about neural program synthesis, the manifold hypothesis, type 1 and type 2 generalisation, the measure of intelligence, the intelligence explosion and Keras! with @ykilcher @ecsquendor "
1|"@Sylvain Gugger Want to run your PyTorch training loop on multi-GPUs or TPUs without using an abstract class you can't control or tweak easily? Try out Accelerate! "
1|"@Facebook AI We're releasing Flashlight: A modern, open source machine learning library written entirely in C++. It's customizable to the core to support your research's needs — and it's pretty fast too. "
0|"@Open Data Science This article explains machine learning operations (MLOps) and how the open-source vector database Milvus can be used to advance MLOps programs of varying complexity. #DataScience #MLOps "
1|"@Sarah Drasner Well, here goes nothin’! I was asked to open source the career ladders I used for my organization, I hope it’s a helpful resource for people: Article: Site: A little thread with some thoughts about this "
1|"@Graham Neubig Super-excited for the official release of ExplainaBoard, a new concept in leaderboards for NLP: It covers *9* tasks with *7* functionalities to analyze, explore, and combine results. Please try it out, submit systems, and help improve evaluation for NLP! "
2|"@Aurélien Geron Einops simplifies and clarifies array/tensor manipulation. You really have to try it out, you'll love it: Plus it supports NumPy, TensorFlow, PyTorch, and more. "
2|"@Matplotlib We have this awesome function called sublots_mosaic where you can pass us a layout id'ed on name axd = plt.subplot_mosaic( \""\""\"" ABD CCD \""\""\"") "
2|"@David Miranda @basakbuilds I can recommend @NotionHQ + @potion_so VERY highly • A few, good enough design options (too many is a huge minus) • Instantly update content (amazing for iterating) • Good SEO • Fast load times • Nested pages with pretty URLs I'm launching a site on this stack tomorrow "
1|@Agile Otter Tim Newb: I wrote a program! Novice: I wrote a program that runs! Intermediate: I wrote a program people use! Pro: I wrote a program that's used, and other people were able to figure it out. Expert: I wrote a useful program that other people said was easy to read and modify.
1|"@Kevin Zakka Looks like I have something to keep me busy this summer A gem of a class: \""Neural Net Training Dynamics\"" with high quality slides, notes and Colab notebooks using jax. "
1|"@AK LayoutParser: A Unified Toolkit for Deep Learning Based Document Image Analysis on @GradioML pdf: github: gradio demo: "
2|"@Nat Friedman You can now watch your GitHub Actions run from the terminal: "
2|"@O'Reilly Media [NEW RELEASE] Production Kubernetes -- In this practical book, four software engineers from VMware bring their shared experiences running Kubernetes in production and provide insight on key challenges and best practices. #OReillyExperts #NewBook "
0|"@Towards Data Science Umbrella or no umbrella? @SkyeTranNH used BigQuery to predict whether it would rain the next day. "
0|"@jeffheaton Where are #Keras and #PyTorch heading over the next 3 years? Two presentations at #gtc21 from their creators discussed just that! Check out my video summary here! Or watch the entire presentations, GTC21 is free this year! "
0|"@Dr. WJB Mattingly New video in @spacy_io 3 #NER series. How to generate a config.cfg file for training. Video: #NLP #digitalhumanities #dh #textanalysis "
1|"@ Paige Bailey @ 127.0.0.1 #BLM Oh, wow - check out this new project from @DavidBrochart: nbterm: allows you to view and edit @ProjectJupyter notebooks in the terminal (cell mode, and notebook mode, with keybindings for both). "
2|"@PyTorch We're only one week away from the first-ever virtual PyTorch Ecosystem Day #PTED21! Join us on April 21 at 8AM PT. See the full agenda and RSVP here: "
0|"@Timo Schick Happy to share that \""It's Not Just Size That Matters: Small Language Models Are Also Few-Shot Learners\"" (w/@HinrichSchuetze) has been accepted to #NAACL2021 #NLProc Camera-ready: Code: Blog: "
0|"@James 1/ My notes from @scale_AI TransformIt covers: - Building good data - Future of ML frameworks - Challenges for scalable deployment - How to assess ML maturity Thanks @alexandr_wang and team for organizing the best AI conference of 2021 thus far. Enjoy! "
2|"@Amy Tabb Selecting a GPU with PyTorch -- seems nvidia-smi will return different GPU orderings than you need for CUDA_VISIBLE_DEVICES ?! Anyway, a TIL post for in-general specifying GPUs and the specific mixup problem. "
0|"@DAGsHub Looking to get started with MLFlow? Here is the easiest way to try #DataScience #MLops #ML "
0|"@Mike Tamir, PhD A Tour of End-to-End Machine Learning Platforms & Databaseline #AI #DeepLearning #DataScience #MachineLearning "
0|"@Panos Alexopoulos Happy to announce a new tutorial on Semantic Modeling for #knowledgegraphs on May 3rd at @KGConference. Check outline at and get a free chapter from my @OReillyMedia book \""Semantic Modeling for Data\"" at #semanticweb #datascience "
1|@DataJournalism.com Are people working more than ever? @OurWorldInData has compiled a #dataset showing average working hours since 1870. Find out if people had more free time than you 150 years ago and how it differs by country: #datajournalism #dataviz
2|@Microsoft Surface Optimized for your work and passions, Surface Laptop 4 is here.
0|"@Nir Barazida #Git, @DVCorg &amp; @TheRealDAGsHub in a single @GoogleColab notebook "
0|"@Towards Data Science James Andrew Godwin takes a deeper look into logistic regressions. "
0|"@ALIFE Conference 2021 #ALIFE2021 Keynote Speaker Announcement #2 David Ha @hardmaru from Google Brain Tokyo. \""Artificial Life at Scale? Lessons from Machine Learning\"" #alife #MachineLearning "
0|@SeattleDataGuy A Missing Link in the ML Infrastructure Stack @josh_tobin_ #machinelearning #mlops #devops #datascience via @YouTube
2|"@Sanyam Bhutani An analysis of &gt;100 ML Competitions by @ml_contests : Fav points: - @kaggle is hosted the most competitions of any platform - For DL competitions, 70% winning solution used @PyTorch - &gt;80% winners were the first-time winners "
0|"@Josh Tobin Learning a lot from @pabbeel's lecture in our UC Berkeley @full_stack_dl class. Looking forward to sharing it with you all soon :) "
2|@Cole Knaflic I'm collecting examples of humorous #dataviz. What do you have for me?
0|"@Coursera The ability to create impactful data visualizations is an important skill that is valued by employers across industries. Learn how to tell compelling stories with data with @Macquarie_Uni: "
2|"@ / Koki Saitoh Deep Learning Packt "
0|"@Vladimir Haltakov How Does a Self-Driving Car Work? This is classical self-driving car software stack. Nowadays, all steps in the pipeline are dominated by machine learning. Read below for details on each step "
0|"@Data Elixir How to lead paper reading sessions by @bugraa "
2|"@Kaggle We just launched a new way to share Kaggle Notebooks on your website or blog! Either embed the entire notebook or just a single cell. Let us know if you’ve tried the feature–we’re excited to see live examples. Get started here: "
0|"@GoLab Today we’re inviting you to the second #GoLab2021 free event: \""Train and deploy TensorFlow models in Go\"", which will be held by @paolo_galeone on April 29th at 18:00 (CET)! Don't miss out! The event is free, but registration is required! #golang "
0|"@Facebook AI Humans learn by doing - Language Models such as BERT are pretrained to predict masked words and then fine-tuned on the target task. We propose another step where we train the language model on a multiple diverse set of tasks before fine-tuning. Paper: #NLP "
2|"@Deaz Tennis de Table "
1|"@Bojan Tunguz Another cool #GTC announcement: CUDA Python & NVIDIA Developer "
0|"@Claus Wilke Slides on color spaces and color-vision deficiency. #rstats #dataviz "
0|"@Victor How to design almost any UI element. A curated list of 58 articles "
1|"@Sasha Rush Streambook (v0.1) - Live Python notebook viewer. Write literate code in any editor, without sacrificing git, lint, and testing. Export to standard notebooks. "
1|"@keiichiro shikano λ PDF \""pdf2audiobook - "
0|"@Andrej Karpathy Using PyTorch + NumPy? A bug that plagues thousands of open-source ML projects hah yes, a favorite super common super subtle bug . Bugs in deep learning silently make results slightly worse, pays to be v distrusting &amp; defensive: "
2|@Data Elixir List of Machine Learning and Deep Learning conferences in 2021 &amp; 2022 via @tryolabs #MachineLearning #DeepLearning #conferences
0|"@Alisher Abdulkhaev Using PyTorch + NumPy? A bug that plagues thousands of open-source ML projects: "
0|@Data Elixir Time series forecasting (Part 1 of 3): Understanding the fundamentals by Yasmin Bokobza #TimeSeries
2|"@Patrick Collison An obvious point that took me way too long to appreciate: in software engineering, you should probably optimize for speed even when you don't have to, because it's one of the easiest/best ways to prioritize subtraction and parsimony in the solution space. "
2|"@Grant Sanderson I'm looking for an intern! See the application below. This may be a little late in the season, but we're flexible for part-time if you have a main gig and still want to help. Please share it with any undergrads who might be interested. "
0|"@Sarah Catanzaro Where @Dpbrinkm, Vishnu and I talk OSS strategies, the future of unstructured data, and why you should think twice before starting an MLOps startup on the @mlopscommunity podcast: "
1|"@KDnuggets Take a close look at the Deep Learning Recommendation Models open-sourced by Facebook in 2019. "
0|"@Javier Ideami Explore the future of artificial intelligence and AGI with expert Andrés Torrubia @ #InteligenciaArtificial #aprendizajeprofundo #aprendizajeautomatico #agi #cienciadedatos #machinelearning #redesneuronales #DeepLearning #artificialintelligence "
1|"@Saturn Cloud Free #GPUs on Saturn Cloud You can also jump into cloud-hosted notebooks, scale up and down, scale across GPUs, share dashboards, and more. Now available! Try it here: #DataScience #GPU #MachineLearning #Python #Dask #Jupyter "
0|"@Morgan McGuire Nice GPT-3 vs GPT-Neo comparison on title generation and few shot sentiment classification. Seems like GPT-Neo outperforms it’s GPT-3 equivalents. Plus you can fine-tune GPT-Neo. The 1.3b Neo model also outperforms the 2.7b Neo model at times! "
0|"@Karl Weinmeister #PyTorch Lightning and #TPUs are a great match, offering fast #ML model development and training. Find out how to use them together in this latest @GoogleCloudTech blog post. "
2|@@GoogleDevExpert Curious to know what #MachineLearning GDEs were up to over the past few months? There's A LOT! ↓ Check out this article and learn more! ↓ @margaretmz @Ru0Sa @CharmiChokshi @RisingSayak @Dipanjan @aaudevart @lucamassaron @KshitizRimal @TajyMany
1|"@Bertrand de Véricourt Bertviz, a package to visualize #attention on all @huggingface #Transformers models "
2|"@Radek Osmulski This video by @ykilcher on \""Attention is all you need\"" is beyond exquisite great explanation of the core rationale behind transformers superb exposition of the shortening of the data flow path key, value and query finally make sense "
0|@Nikolas Adaloglou (black0017) How Graph Neural Networks (GNN) work: introduction to graph convolutions from scratch Link: @PetarV_93 @PyTorch #MachineLearning #deeplearning #graphs #data #DataScience @jeremyphoward @omarsar0 @machinelearnflx @MLsummaries
1|"@ Paige Bailey @ 127.0.0.1 #BLM \""With only 4 lines of code, you can unlock the information from complex documents that existing tools could not provide. You can either choose a deep learning model from the ModelZoo, or load the model that you trained on your own.\"" I wish this had existed years ago! "
2|"@Kasun Indrasiri We are proud to announce the early release of our new @OReillyMedia book: \""Design Patterns for Cloud Native Applications\"". @suhothayan #CloudNative #APIs #messaging #streaming #eventing "
2|@Stas Bekman transformers master branch has now integrated DeepSpeed ZeRO stage 3 which should allow for huge model size training if you have access to many gpus. This is a soft launch, as it is all very new, so please report any issues after reading: Thank you!
2|"@Hamel Husain This is a great thread filled with current tech job openings at various companies including tons of ML/DS roles "
0|"@Coursera Just updated! @DeepLearningAI_ has updated their popular Deep Learning Specialization to include leading-edge techniques that will better prepare you to apply deep learning skills to real-world applications! Check out the updated material: "
2|"@Balaji Lakshminarayanan Excited to announce that we'll be organizing a workshop on \""Uncertainty &amp; Robustness in Deep Learning\"" at @icmlconf this year! Submissions due June 2, 2021. More details: cc @DanHendrycks @SharonYixuanLi @latentjasper @tdietterich @csilviavr @sebnowozin "
0|"@Pratham Matrix operations for Machine Learning "
0|"@François Chollet Great tutorial by @A_K_Nain "
1|"@Sharif Shameem I built a tool that generates a podcast for any topic given a single sentence description! (Volume up!) "
0|@Zach Mueller A list of the best (and partially biased) @fastdotai resources, in no particular order, with descriptions and how I utilize them (A thread)
1|"@OpenMMLab Say to the new member of OpenMMLab: MMOCR! MMOCR is a comprehensive toolbox for text detection and recognition based on @PyTorch. It supports various tasks (detection, recognition, key information extraction) and models. Try and star it at "
1|@Masato Hagiwara We are happy to announce GrammarTagger, an open-source toolkit for grammatical profiling for language learning! Github: Paper: Blog post: Joint work w/ Joshua Tanner and Keisuke Sakaguchi @KeisukeS_
0|"@Radek Osmulski How to train and validate on Imagenet using the outstanding timm lib by @wightmanr optimized docker images from ngc by @NVIDIAAI Training on Imagenet is something that is completely trivial after you do it once, but if you are just someone... "
1|"@Philip Vollet New Prodigy version is out v1.10.8 ⇒ Data labeling is not the most loved part of your machine learning project? Well, then you should try Prodigy because it suddenly becomes a lot of fun Changelog Get Prodigy @explosion_ai "
2|@DataJournalism.com Discord, Twitch, Clubhouse, are just a few of the social media platforms that are currently generating hype. Aside from being fun, how can they be used for your #datajournalism studies? We’ve tried some of them out and here’s what we found #dataviz
0|"@Towards Data Science \""How often have you, or someone on your team, fallen into the endless ML experimentation twiddling paralysis?\"" @nojeshua has a few ideas for improving machine-learning project design."
0|"@Christoph Molnar Just published a new chapter in Interpretable Machine Learning: Detecting Concepts by @FangzhouLi3. Concept detection in deep learning has a lot of promise, and is a much needed alternative to feature attribution. "
1|"@Aman Arora Now you can extract activation statistics from any module inside `timm` models easily using Unix filename pattern matching and @PyTorch hooks! In this example we extract average square channel mean of activations after every residual block inside a ResNet-50 model: 1/ "
2|"@Scale AI We are honored to be included by @CBInsights in this year's #AI100 ranking alongside a cohort of the most promising AI startups in the world. "
0|"@abhishek I have started an applied PyTorch 101 series (especially for beginners but may also help some intermediate people). Check out the playlist: 6 videos currently, more coming soon &amp; when you are there, don't forget to SUBSCRIBE!!! Learning deep learning ;) "
0|"@Towards Data Science Pandas Basics Cheat Sheet (2021), Python for Data Science by Christopher Zita "
0|"@Distill Branch Specialization — A new Distill article by @csvoss, @gabeeegoooh, @nickcammarata, @mpetrov, @ludwigschubert, and @ch402. This is the eighth article in the Circuits thread. "
2|"@Oriol Vinyals I am proud to have been the very first report of Samy Bengio. His kindness, values, and leadership, is what I pursue as a manager. Thank you, Samy! "
0|"@Towards Data Science MLOps Practices for Data Scientists "
1|"@Zach Mueller lib2nbdev has been on my mind for months now, and finally it exists! What's the biggest struggle with @fastdotai's #nbdev? Using it on existing projects. This tool aims to fix that. But how does it work? "
0|@Data Elixir The Playbook to Monitor Your Model’s Performance in Production via @TDataScience #MachineLearning
0|"@Towards Data Science How to Create Mathematical Animations like 3Blue1Brown Using Python by @KhuyenTran16 "
2|"@Sachin Abeywardana Annotated TabNet in @TensorFlow. this becomes a serious contender to XgBoost. This was thanks to the talk done by Sebastien Fischman, hosted by @abhi1thakur. Also kudos to @ptuls for helping me code this up. #DeepLearning #MachineLearning #TensorFlow "
2|"@Oded Rechavi Combining research with teaching "
2|"@Frank Dellaert Tensorflow graphics is great. But what is also cool, is that the authors have figured out how to render meshes inside a colab notebook. It turns out you don't need to install tfg/tf, just one of their files, threejs_visualization.py. I demo it here: "
0|"@Ravin Git Cheatsheet "
2|"@Mingxing Tan Wow, summarized by 17 yr old Ph. D. student! "
2|"@Alex Smola Get ready for #MLSYS starting on April 5, 2021. Keynotes by Kathy Yelick (Berkeley), Bill Daly (NVIDIA) and Jeannette Wing (Columbia). Chips, Compilers and Deep Learning included. Register at "
1|"@/MachineLearning Introducing PyTorch Profiler – The New And Improved Performance Debugging Profiler For PyTorch "
0|"@OptunaAutoML .@supikiti explains how to combine the powers of @MLflow, Hydra, and Optuna for easy hyperparameter management! :rocket: "
0|"@TensorFlow Interested in software testing? Learn how to add a Python Fuzzer to TensorFlow in this article on the TF blog. Read more here ↓ "
2|@Hamza Tahir We need better abstractions for data scientists! #MLOps
0|"@AK Going deeper with Image Transformers pdf: abs: \""Our best model establishes the new state of the art on Imagenet with Reassessed labels and Imagenet-V2 / match frequency, in the setting with no additional training data. "
0|@Data Elixir The Data Visualization Design Process: A Step-by-Step Guide for Beginners by @AnnKEmery #DataViz
1|"@TensorFlow #TFHub makes BERT easy! TensorFlow Hub offers a variety of BERT and BERT-like models. Take a look at some of the latest models in this blog post by @gusthema and Arno → "
0|"@DAGsHub Want a new Google Colab notebook with integrated data versioning in DVC? Take a look here and get started fast @DVCorg #DataScience #MachineLearning #Developer "
1|"@Santiago Coming soon, in Python 3.10: \""Pattern Matching.\"" Looks sick! "
0|"@Towards Data Science Franciska Rajki explains the base of the Mask R-CNN, and how you can implement one. "
2|"@ayush thakur Creating the dataset that you \""need\"" using the raw dataset can be a long and iterative process. I use @weights_biases artifacts for the same to keep my sanity. Docs: Artifact Page: "
0|"@PyTorch Introducing “Learn the Basics\"" - a guide to a complete ML workflow with detailed explanations on concepts like Tensors, DataLoaders, Transforms, and more. Thanks @sethjuarez, @subramen, @Cassieview, @shwars, @pythiccoder for your contributions! Click "
0|"@Fei-Fei Li So exhilarating to have had our first lecture of #cs231n in 2021! "
1|"@Facebook AI We're introducing an optimizer for deep learning, MADGRAD. This method matches or exceeds the performance of the Adam optimizer across a varied set of realistic large-scale deep learning training problems. "
2|"@William Falcon We scaled up @karpathy's minGPT to 45B parameters on 8 A100s using @PyTorchLightnin with the @MSFTResearch Deepspeed integration. The best part... no changes to your @PyTorchLightnin code... "
2|"@Sundar Pichai Helpful new AI-powered features are coming to @GoogleMaps: the next generation of Live View indoors to help you navigate airports &amp; malls using AR, weather &amp; air quality information, eco-friendly routes for driving directions + more. "
2|"@AI Index TOMORROW at 10 am PT: Join the AI Index Steering Committee Co-Chair @jackclarkSF for a discussion on findings of the 2021 AI Index Report at the @StanfordHAI weekly seminar. RSVP here: submit your Q&amp;A questions here: "
1|"@AI Fast Track IceVision now supports Sparse-RCNN model, a Two-Stage Detector with learned object proposals (hundreds as opposed to hundreds of thousands) To play with it, check out our ready-to-use notebook: Follow the discussion in our forum: "
2|@Lavanya We're thrilled to announce the new YOLOv5 x W&amp;B integration! You can now visualize your datasets, log training progress in real-time, resume crashed runs across any device, &amp; make your model training more robust! Find out more: #deeplearning
2|@Dohyung Ahn /HTML ? . .
0|@DataJournalism.com This is a highly recommended series of articles by @lisacrost of @Datawrapper on the proper use of colour to visualise your #data. It covers the use of different colour scales depending on your #data: #datajournalism #dataviz
0|"@Suzana Ilić If you're looking for an intro to applied ML, this is very well structured. Could be also something for @__MLT__ study sessions Applied Machine Learning (Cornell CS5785, Fall 2020) Lecture series: GitHub: "
0|"@Sudhir Hasbe @abhi_kash has led our effort to democratizing ML through BigQueryML. This is a great insight into his journey. "
0|"@Towards Data Science From Markus Schmitt, a deep dive into how @ZebraMedVision identified a gap between promising AI research and real-world clinical solutions—and what the team had to do to bridge it. "
2|"@Google Open Source Student applications for Google Summer of Code 2021 are now open! Students will focus on a 175-hour project over a 10-week online coding period and receive stipends based on the successful completion of their project milestones. Apply today ↓ "
0|"@Eric Jang Portable, Self-Contained Neuroprosthetic Hand with Deep Learning-Based Finger Control "
1|"@Steve Schoger Thrilled to announce Heroicons v1.0 — over 450 beautiful SVG icons, first-party React and Vue libraries, and official Figma components. Check 'em out "
2|"@Boston Review We are thrilled to announce our new book: REDESIGNING AI — coming later this spring! Exploring work, democracy, &amp; justice in the age of automation, it features @DrDaronAcemoglu, @erikbryn, @math_rachel, @katecrawford, @shakir_za (+ more ) Preorder now: "
0|"@AK Understanding Robustness of Transformers for Image Classification pdf: abs: "
0|"@Morgan McGuire I brought fastai’s activation stats visualisation into weights and biases using custom charts, helps compare across multiple models/runs a little easier "
1|"@ Paige Bailey @ 127.0.0.1 #BLM \""This extension adds a quick command to search @StackOverflow without leaving @Code. You can find the command by search, or by using the hotkeys cmd+h on Mac or ctrl+h on @Windows.\"" who built this &amp; how can I buy you coffee "
0|"@Claus Wilke Slides on principal components analysis with R. #rstats #dataviz "
2|@Bojan Tunguz That's a lot of verbiage. OpenAI’s text-generating system GPT-3 is now spewing out 4.5 billion words a day via @Verge
2|"@GitHub GitHub now automatically creates a table of contents for your README files Works automatically based on your headers, no special markdown to insert. Let us know what you think! "
2|"@Louis Maddox "
2|@Facebook AI Facebook AI’s RAISE program: A new pathway to make careers in AI more accessible. This is a 24 month long program based in Menlo Park, CA. Please apply by May 10, 2021. #ai #Engineering
0|"@Artsiom Sanakoyeu Swin Transformer: New SOTA backbone for Computer Vision What? New vision Transformer architecture called Swin Transformer that can serve as a backbone in computer vision instead of CNNs. Code (soon) Thread "
2|@Pedro Domingos AI will not be solved by gradient descent.
0|@arXiv Daily Classifier Crafting: Turn Your ConvNet into a Zero-Shot Learner! by Jacopo Cavazza #Classifier #ConvolutionalNeuralNetwork
1|"@Christian Wolf Excellent ... this is a killer feature for reading research papers: hover over a reference and a pop up shows the full reference, no more jumping around between the main text and the bibliography. This, plus the refresh after recompile =&gt; perfect LaTeX setup. "
2|@Aurélien Geron @burkov @Spotify @YouTube Perhaps ? It looks good, but I haven't tried it.
2|"@/MachineLearning Guide: Finetune GPT2-XL (1.5 Billion Parameters, the biggest model) on a single 16 GB VRAM V100 Google Cloud instance with Huggingface Transformers using DeepSpeed "
0|"@Sam Altman This short story from @karpathy is great: "
2|@Data Elixir Data visualisation by hand: drawing data for your next story by @datajournalism #DataViz #ddj
0|@TestDriven.io Awesome FastAPI - a curated list of awesome things related to FastAPI FastAPI is a modern, high-performance, batteries-included Python web framework that's perfect for building RESTful APIs. #Python #FastAPI @tiangolo
0|@Thomas Mensink The paper / project I've been working on the last half year is now available on ArXiV: In this paper we carry out over 1200 transfer learning experiments across vastly different image domains and task types
1|"@Fabio Niephaus Excited to see that one of my ideas for @GoogleColab has made it into prod! The new status bar lets you see exactly what the kernel is doing at run-time. A little green arrow shows the current line of code. Should also work when collaborating with others on the same notebook! "
1|"@ Paige Bailey @ 127.0.0.1 #BLM autodidax "
0|"@Towards Data Science Feature Store: Data Platform for Machine Learning by Ning Zhang "
2|"@Lewis Tunstall Together with @lvwerra and @Thom_Wolf, I'm writing a book about applying Transformers to NLP tasks with the @huggingface ecosystem The book will be published with @OReillyMedia and you can find a sneak preview here: "
0|@arXiv Daily Can Vision Transformers Learn without Natural Images? by Kodai Nakashima et al. including @hirokatukataoka #ImageNet #SupervisedLearning
0|"@Recurse Center A great overview of Ruby 3.0 garbage collector's internal constants and what they're used for, by @JemmaIssroff. "
1|"@ZenML #TFMA &amp;&amp; (#pytorch && #scikitlearn) == ZenML Release 0.3.5: Model agnostic automatic evaluation one of the most heavily requested features to date. Now the EvaluatorStep produces TFMA visualizations for any upstream Trainer, regardless of model type! "
2|"@Linda Grasso The pandemic has accelerated three trends: hybrid remote work, growth in the share of e-commerce, and the implementation of automation and AI to address disruptions. Link &gt; @McKinsey @antgrasso via @LindaGrass0 #Automation #DigitalTransformation #AI "
2|"@Greg Brockman GPT-3 is currently generating an average of **4.5 billion words per day**: "
0|"@Irwan Bello Training code and checkpoints here! "
0|"@phalanx AutoMix: Unveiling the Power of Mixup "
2|"@Viacheslav Kovalevskyi There is now a way to deploy VS Code like IDE on the Cloud AI Notebooks engine. via Notebooks API: via Compute Engine API: Please: re-share and give feedback "
2|"@clem Super cool to see @awscloud supporting open-source machine learning &amp; the @huggingface community! "
0|"@AK Generative Minimization Networks: Training GANs Without Competition pdf: abs: "
0|"@DataJournalism.com What does good #data sound like? Explaining data with sound is an innovative idea that @duncangeere and @miriamquick explain in this article. Sound interpretation can make your #datajournalism pieces richer and more accessible. Take a look "
0|"@Towards Data Science Here's the patient, well-illustrated, step-by-step introduction to variational autoencoders (VAEs) you always wanted but didn't know where to find, from @roccajo and Baptiste Rocca. "
0|"@AK Finetuning Pretrained Transformers into RNNs pdf: abs: "
0|@Belma Ibrahimovic Awesome content, as always. Highly recommend! Thanks @seb_ruder QA—how did we get here? , Adapting to time ⏳, Data detectives by via @revue
2|"@hardmaru The state-of-the-art for matrix multiplication is now O(n^2.3728596) "
2|"@Pieter Abbeel Very excited to share the launch of my new podcast, The Robot Brains. The first episode was just released. My first guest is brilliant AI researcher, educator, and Director of AI and Autopilot Vision at Tesla @karpathy! "
0|"@Towards Data Science How to Fine-Tune BERT Transformer with spaCy 3 by Walid Amamou "
2|"@KDnuggets Top YouTube Machine Learning Channels - KDnuggets "
0|"@Data Elixir Product Recommendation Engine with Collaborative Filtering via Pinecone "
2|"@Federica Fragapane Today is #WorldSleepDay! On this occasion last year I launched a project I care a lot about #dataviz on @Google searches for the interpretation of dreams designed for @GoogleTrends! Code by @paolocorti_, in collaboration with @AlbertoCairo and @smfrogers "
2|"@Yann LeCun @pabbeel has a new podcast \""The Robot Brains\"" in which he interviews various people about AI and robotics. "
0|"@elvis Inside Transformers (explained and animated)! full video: "
0|"@Kirk Borne Step-by-step guide to building a Data Catalog: ————— #abdsc #BigData #DataScience #AnalyticsStrategy #DataStrategy #Metadata #DataCatalog #MachineLearning #AI "
0|"@Cédric Scherer The repository now includes the full list of links. Slides: Recording: Tutorial: Codes: #rstats #ggplot2 #dataviz #outlier2021 "
0|"@DAGsHub [Guide] How to compare the leading experiment tracking tools for #machine learning - pros, cons and more #MachineLearning #DataScience "
2|"@Aran Komatsuzaki Quality at a Glance: An Audit of Web-Crawled Multilingual Datasets By manually auditing the quality of 205 language-specific corpora, they find that lower-resource corpora have systematic issues in quality. "
2|"@hardmaru A rapid and efficient learning rule for biological neural circuits Their biologically plausible “Dendritic Gated Networks” more data efficient than conventional artificial networks and are highly resistant to forgetting. From DeepMind / UCL / Imperial "
0|@The New Stack How eBay Leverages Kubernetes, Helm Charts and Jenkins Pipelines to Deliver High-Quality Software @ebaytech #spon #Kubernetes
2|"@Liliana Bounegru We're excited to announce that \""The Data Journalism Handbook: Towards a Critical Data Practice\"" is published today with @AmsterdamUPress: Here's a thread about the book. #ddj #ddjbook #dataviz #openaccess "
1|"@James Lamb #LightGBM 3.2.0 is now available! * distributed learning with @dask_dev * trees with linear models at the leaves * aarch64 wheels * several efficiency improvements Thanks to the 30+ contributors who put time and energy into this. "
2|"@Jerome Pesenti Open source, @PyTorch, @PyTorchLightnin, self-supervision, and models from @facebookai and other labs, these are a few of my favorite things... Good luck Lightly! "
0|"@AK Meta-DETR: Few-Shot Object Detection via Unified Image-Level Meta-Learning pdf: abs: "
1|"@LibreCV [Discussion] FreeLabel: A Publicly Available Annotation Tool based on Freehand Traces. @amy_tabb #computervision #opensource #machinelearning #AI "
0|"@Andrew Carr What was the difference between my Deepmind / FAIR interviews and my OpenAI interview? ... Leetcode ... I didn't want to do it, but I finally buckled down and did the \""75 Leetcode\"". Huge difference in confidence and results."
0|"@Aran Komatsuzaki We've released the weights (1.3B and 2.7B) of our replication of GPT-3 Using the updated Colab notebook in the repo you should be able to finetune the models on your own data as well as run inference. "
0|"@Petr Stribny It turns out that streaming video is easy with #python. Here is the code with #FastAPI (but the technique is easily transferable to other fws) "
2|@Jonathan Carter I finally got around to creating my learning-oriented extension pack for @code: I built CodeTour, CodeSwing, GistPad and GitDoc as individually valuable extensions (unix FTW!), but collectively, they're part of a much larger goal: making development fun
2|"@Hamel Husain The data science team at GitHub is hiring apply here if interested Remote friendly Very diverse team @gregce10 is the hiring manager - but might be easier to find him on Linkedin "
1|"@David Bisset CodeTour: VS Code (@code) extension from Microsoft that allows you to record and playback guided tours of codebases, directly within the editor. Cool! "
0|"@Bill Gates In this video, I answered some really good questions, including one about two really important numbers. Come ask me some questions of your own on @reddit at 11:15: "
2|"@Morgan McGuire This @huggingface tip to prevent colab from disconnecting ` function ConnectButton(){ console.log(\""Connect pushed\""); document.querySelector(\""#top-toolbar &gt; colab-connect-button\"").shadowRoot.querySelector(\""#connect\"").click() } setInterval(ConnectButton,60000); ` "
1|"@Jon Barron mediapy: a library for reading, writing, and showing images and videos inside colab notebooks. Extremely helpful. "
1|"@Figma Plugins Fig3D #figmaplugin Instantly convert your shapes, icons, logos and UI designs to 3D models and get a good render. @figmadesign "
2|"@ Stefan Natter & Building B2B/2C Products Have you seen this new feature in the latest Chrome version? Nice! "
2|"@Data Sketches The BIG NEWS IS HERE Data Sketches is turning into A BOOK!! Pre-orders available now @ We're also running a subtitle competition until 12/3 11:59PM PST→ Winner gets their subtitle on the cover &amp; a signed copy of our book! "
0|"@Sergios Karagiannakos I finally found the time to get my hands dirty with JAX. And it was great. In this article, I explain how to develop and train the vanilla Transformer using JAX, Haiku and Optax. #MachineLearning #DeepLearning #AI #JAX #Python #Transformers "
0|"@Joe Previte Script Kit - Daily Note script 1. Opens @simplenoteapp 2. Creates a new file/note 3. Names it today's date yyyy-MM-dd 4. Writes day of the week 5. Writes 3 lines for gratitude Thanks @johnlindquist for making this fun! "
2|"@Viacheslav Kovalevskyi A100 GPUs are now GA on Google Cloud: "
0|"@Google AI Developing efficient algorithms for distributed computation on very large graphs is an ongoing challenge. Check out a new model that augments the capabilities of #MapReduce, providing a way to solve distributed graph algorithms in fewer computation rounds. "
1|"@TensorFlow Wish TensorBoard would load your data 100–400× faster? Try the experimental --load_fast=true flag in our latest nightly release, and send feedback! Details ↓ "
2|"@Amit Chaudhary Found this special notebook mentioned in a Reddit comment (0x00groot). It gives you a Tesla-P100 GPU and high RAM (25GB) every time on Colab. Make a copy of it and use it. "
0|@Novetta @TheZachMueller &amp; Andrew Chang, in Novetta's ML Center of Excellence, took a look at 3 methodologies for automated learning rate finding. (Spoiler alert: one of them is ours and it performs quite well) Check it out on the blog: #deeplearning
0|"@Aran Komatsuzaki You Only Look One-level Feature Proposes YOLOF, which achieves matches RetinaNet while being 2.5x faster and 44.3 mAP on COCO with image size of 608 × 608 running at 60 fps on 2080Ti, which is 13% faster than YOLOv4. abs: code: "
0|@DeepAI Everything you need to know about Generative Adversarial Network #DeepLearning #GenerativeAdversarialNetwork
0|"@Santiago Applied Machine Learning. Cornell Tech, 2020. 100% Free. 80 videos. Here is the full playlist: "
2|"@Ben Barbersmith My evening didn't go as planned. I worked on my company accounts, sent some pitches for Observant, &amp; tweaked the hero for SQL for Humans. How's the latest iteration? (If you want it, sign up here: "
0|"@Towards Data Science Building a Deep Learning Image Captioning Model on Azure by Amanda Wong "
2|"@Josh W. Comeau I also posted a bunch more info on Indie Hackers: Feel free to ask questions there! Especially ones that require long answers / would be annoying to answer on Twitter "
2|"@Aran Komatsuzaki Is it Enough to Optimize CNN Architectures on ImageNet? The relationship between architecture and performance varies wildly, depending on the datasets. For some of them the performance correlation with ImageNet is even negative. "
0|@Javier Ideami Towards the end of deep learning and the beginning of AGI, inspired by Numenta &amp; Jeff Hawkins research #DeepLearning #MachineLearning #DataScientist #Neurosciences #ArtificialIntelligence #InteligenciaArtificial #datascience #NeuralNetworks @Numenta
0|"@Towards Data Science One of our most popular posts so far in 20201: @MaartenGr illustrated guide to 9 distance measures in data science. "
0|"@Tomasz Malisiewicz Back to the Feature: Learning Robust Camera Localization from Pixels to Pose This paper is based on the alignment of deep multiscale features and combines the best of deep learning with multiview geometry. Checkout those learned heatmaps! #computervision "
0|"@Towards Data Science .@burnpiro presents two measures, infidelity and sensitivity, that can be used to quantitatively measure and compare different XAI methods. "
1|"@ZenML 12 weeks ago, we launched ZenML. We decided to #opensource and focus on building a developer community-solving #MLOps. It has been a rollercoaster ride, but the feedback has been nothing short of amazing. We just broke the 1000 stars! Thank you, @mlopscommunity and @AiInfra "
0|"@Andrew Chang Great work from @TheZachMueller that really expands and dives into the latest methods for automated learning rate suggestions including our approach here: "
0|"@AK Approximating How Single Head Attention Learns pdf: abs: "
0|"@Google AI The new Sleep Sensing feature in Nest Hub enables users to better understand their nighttime wellness by leveraging Soli miniature radar sensors, combined with novel algorithms and on-device data processing. Learn more → "
0|"@AK Modular Interactive Video Object Segmentation: Interaction-to-Mask, Propagation and Difference-Aware Fusion pdf: abs: project page: "
2|"@Chip Huyen We’ve been incredibly impressed by what our students have been able to build over the last 10 weeks. Our demo day will be open to the public 2pm - 4pm, tomorrow Wed Mar 17 (PT). Come join us and give us feedback! "
0|"@Artsiom Sanakoyeu You don't need EfficientNets. Simple tricks make ResNets better and faster than EfficientNets Revisiting ResNets: Improved Training and Scaling Strategies "
1|"@Kerem Turgutlu Exactly 100 commits and 2 months later, new v.1.0.1 of self-supervised package is out. In short, \""A Fast, Performant and Accessible Library for Training SOTA Self Supervised Algorithms!\"" using @fastdotai , timm (@wightmanr) and @PyTorch . Release Notes: "
0|@arXiv Daily Thumbnail: A Novel Data Augmentation for Convolutional Neural Network by Tianshu Xie et al. #ComputerVision #ImageNet
0|@Sergey Levine I'm releasing all the lectures (so far) for my deep learning class, CS182! This is an introductory deep learning course (advanced undergraduate + graduate) covering a broad range of deep learning topics. Website: Playlist: -&gt;
0|"@hardmaru Im2Vec: Synthesizing Vector Graphics without Vector Supervision Machine learning will soon surpass hand-engineered image vectorization methods (which are already quite good), but will allow us to more interesting things with the learned representations. "
0|"@Kirk Borne [FREE 28-page PDF] #Probability and #Statistics Cookbook: #abdsc + 400+ Statistical Concepts Explained Simply—in 18 Parts: + Get the book: ————— #DataScience #MachineLearning #BigData #DataMining #Mathematics "
0|"@Python posts you might have missed! Overview of python dependency management tools & model.predict Mario Kostelac @mariokostelac #python #datascience "
2|"@/MachineLearning List of papers with model cards "
2|"@Dave Geddes little gem to make your @code terminal windows behave like you're used to with browser tabs. set workbench.action.terminal.kill to cmd+w set workbench.action.terminal.split to cmd+t small dev improvements like this really add up! "
2|"@twistofplate this is an OK car "
0|"@Google AI Check out LEAF (LEarnable Audio Frontend), a neural network that can be initialized to approximate mel filterbanks and trained jointly with any audio classifier to adapt to the task at hand. Learn more and get the code at "
2|"@Jhey (Exploring Opportunities ) Been trying out @johnlindquist's Can totally see this working for a bunch of things I have in mind One thing I wouldn't mind being able to do. Spawn a process and see the output as if I was running exec/spawn from a node script Likely doable "
0|"@Kirk Borne [UPDATED Free PDF] #DataScience Cheat Sheet covers concepts in Statistical Learning, #MachineLearning, #DeepLearning, #Probability, #Statistics, #BigData frameworks, SQL, etc. —&gt; —————— #AI #Algorithms #Mathematics #DataLiteracy #DataScientists #abdsc "
2|"@Remote & OK: Node.JS @DVCorg is now hiring for a remote Senior Front end Engineer (Worldwide) "
2|"@Josh Tobin I enjoyed speaking today at the Stanford MLSys Seminar about gaps in the tooling stack for building ML-enabled products. I propose a tool called the Evaluation Store that could help bridge the gaps. The idea is a WIP, would love your feedback! "
2|@Josh Tobin Why do people always ask what ML framework to use? It's easy: - jax is for researchers - pytorch is for engineers - tensorflow is for boomers
1|"@hardmaru CUAD: A dataset with over 13,000 annotations for hundreds of legal contracts that have been manually labelled by legal experts, to serve as a benchmark for contract understanding. Discussion: GitHub: Paper: "
2|"@Segundo Ramos Hypnotic #Future of #SupplyChain &amp; #logistics are automated #warehouses @gigadgets_ @PawlowskiMario #AI #robots #5G #IoT #IIoT #ML @FrRonconi @mvollmer1 @iamBrianGraham @darshan_h_sheth @oluskayacan @JeroenBartelse @enricomolinari @Fisher85M @fogle_shane @HaroldSinnott "
1|"@ Paige Bailey @ 127.0.0.1 #BLM MusicTime for @Spotify Listen to old favorites and discover new music while you program in @Code, and use metrics to help you determine which tracks make you the most productive. I adore this concept, and have been wishing for it for so long! "
0|"@Kirk Borne This Google Tutorial (100+ slides total) on #MachineLearning is the best: ————— #abdsc #BigData #DataScience #DataMining #NeuralNetworks #AI #DeepLearning #TensorFlow #Mathematics #Algorithms #DataScientists #ReinforcementLearning "
2|"@Facebook AI We're co-hosting a research workshop at #MLSys2021 on 9th April, 2021. Accepting submissions now (articles/blogs/short papers) through March 19, 2021 for consideration. Learn more: "
2|@Kaggle Looking to become a data analyst? We played a small part in helping Google launch the Google Data Analytics Certificate program. Sign up for pro training + the opportunity to connect with top employers that are hiring. #GrowWithGoogle #DataAnalytics
2|"@Ricardo Ander-Egg This is something I'm very excited about! I have decided to set up a website to publish all my software/machine learning drawings. I will try to explain concepts as simple as possible, always trying to provide examples and use cases. "
2|"@Jeremy Howard So happy that my work on numeric programming in Swift has influenced the direction of both Swift and now .Net. Thank you @migueldeicaza for all you do for .Net and @clattner_llvm for your support and guidance on my Swift journey "
2|"@Khosla Ventures Join @svenkatachalam and experts from OpenAI, @abacusai @intersectlabshq to understand how companies are using Machine Learning #ML to get ahead @AnkitGordhandas, @bindureddy, @josh_tobin_ at 5PM PST on Clubhouse "
0|"@Pratham This Udemy course on machine learning is free for the next 48 hours, get it while you can! "
0|"@Facebook AI Fairness in AI is a complex problem. We’re taking a long-term, holistic approach to responsible AI, focused at the product, policy, and implementation levels. Learn more: "
0|"@DAGsHub As #datascience projects become more complex, putting in place the best process and tools for teamwork makes an order of magnitude difference. Join @DeanPlbn and @Datarootsio to learn how to make teamwork seamless. #machinelearning #dataexperts #freecoursesonline "
2|"@Open Data Science ODSC East Virtual Conference Speaker: #ODSCEast #AI #MachineLearning @rasbt @UWMadison "
0|"@Charles Frye we'll be running a distributed hyperparameter sweep together using the magic of Colab and wandb! "
0|"@matteo hessel Check out our new JAX101 tutorial to learn about the fundamentals of JAX! "
2|"@Samarth Sinha I miss the older days "
0|"@Mariya Yao \""Here's the notebook designed by George Mihaila on how to: - Use an already pretrained transformer model and fine-tune it on your custom dataset. - Train a transformer model from scratch on a custom dataset.\"" #AI #MachineLearning #NLP #HuggingFace #ML"
2|"@TsinghuaNLP Pre-trained language models (PLMs) have brought NLP into a new era. Here is the paper list ( tracking the latest progress on PLM including modeling, compression, analysis, and finetuning. Welcome to follow and contribute! #PLM #NLProc #AI #TsinghuaNLP "
1|"@Savannah Ostrowski #Pylance 2021.3.1 is out now! Improved hover and completion tooltip readability for overloaded functions Better import resolution perf, reducing overall analysis times (up to 30% in some projects) Symlink support Read the changelog: "
0|"@Google AI A core challenge in #DeepLearning is the disconnect between the theory of how models generalize and how they perform in practice. A new theoretical framework demonstrates how to understand model generalization through optimization behavior. Check it out at "
0|"@elvis There are many factors that contribute to model complexity in deep learning. Understanding these factors allows us to better quantify generalization and improve optimization of deep learning models. This new survey paper discusses more on the topic: "
2|"@Lak Lakshmanan Want to learn Apache Beam? Sign up for these seminars @ApacheBeam "
1|"@Google AI Today we announce the release of new sparsity features in the #XNNPACK acceleration library that is powering #TensorFlowLite! Sparse inference improves efficiency without degrading quality in applications like Google Meet's background effects. "
0|"@Santiago Just posted a few days ago, \""Introduction to Deep Learning\"" is the perfect place to start. Free, 1-hour YouTube video. Packed with examples, @random_forests will let you into the fascinating world of deep learning. Highly recommended! "
2|"@James Densmore A whole flock Thank you to everyone who has picked up a copy so far! "
2|"@Jarek Wilkiewicz \""We propose to create SIG TFX-Addons to facilitate community contributions of community-supported software and tools which can be used with #TFX to build a production ML solution.\"" #mlengineering "
1|"@PyTorch Introducing VISSL ( - a library for reproducible, SOTA self-supervised learning for computer vision! Over 10 methods implemented, 60 pre-trained models, 15 benchmarks, and counting. "
2|"@François Chollet Got this very nice book in the mail. All TensorFlow/Keras, with very readable code examples. Includes a section on StyleGAN, which will come in handy since I was trying to implement it the other day "
2|"@Fayez Salka The clips on the right are AI generated from raw audio. Turn any audio file into 3d virtual concert with one click. The AI extrated notes from raw audio and generated the appropriate playing technique, hand and body motion #3d #AI #MachineLearning #vr #ar #concert #MetaHumans "
1|"@Sophie Koonin I recently learned about the vscode-pets extension, you are welcome "
2|"@Aurélien Geron I just pushed two Docker images to run the handson-ml2 project, with all the latest libs (incl. TensorFlow 2.4.1). docker pull ageron/handson-ml2 for CPU-only, and handson-ml2:latest-gpu for GPU support. See for more details. "
0|@Kevin Chan interesting 2021 report published by Stanford’s Institute for HumanCentered Artificial Intelligence on the state of AI. The technical performance chapter is interesting highlighting recent trends around generative ML and increased NLP performance
1|"@Facebook AI Detectron2Go (D2Go) is a new, state-of-the-art extension for Detectron2 that gives developers an end-to-end pipeline for training and deploying object detection models on mobile devices and hardware. "
2|@Mike Schroepfer 3/n these advancements break us out of the fundamental limitations of supervised learning - which have powered many of the advances in CV for the last ~7 years.
0|"@Yann LeCun A new blog post I wrote with Ishan Misra. An overview of Self-Supervised Learning. We look at recent progress in SSL for vision &amp; explain why SSL is more challenging with high-D continuous signals (images, video) than it is for discrete signals (text). "
1|"@DVC Today's the day! DVC 2.0 is out! The new version is bursting with new features to make your machine learning life easier and and more productive with great MLOps tools! Check out our new blog post to learn what's new! "
1|"@Dr Tatiana Gabruseva (aka Tati Gabru) New DVC 2.0 version now supports deep learning experiments! -ML model checkpoints versioning -new open-source library for metrics logging -ML pipeline templating and iterative for each-stages -CML - new way to get GPU/CPU in clouds and GitHub Actions support "
1|"@Malte Pietsch Probably one of the biggest, totally underestimated time savers for #ML #dev: @pycharm's remote interpreters - Switch from laptop to remote GPU with one click - Stay in the IDE + just forget that GPU isn't local (also debugging works) - Start/stop/change GPU with awscli aliases "
0|@Pratham Some useful sites for developers ° Free practical deep learning course for coders ° A collection of useful .gitignore templates ° Platform for technical interview preparation Add more
2|@abhishek If you are a beginner starting with @kaggle, I recommend the following: Start with a couple of playground competitions (&lt; 2 months) Read solutions from past competitions &amp; implement them yourself Immediately move to an on-going competition w/ prize money (most to learn)
1|"@Google Fonts We're adding open source icons to Google Fonts, starting with Material Icons! Read all about it on the Material blog: Oh and yes, we have a new logo too! Thanks for asking "
0|"@Kirk Borne FREE 630-page #Probability eBook [PDF]: ——— + Check out top #Statistics Books — the current best-sellers at: —————— #BigData #StatisticalLiteracy #MachineLearning #DataScience #DataMining #Mathematics #AI #DataLiteracy #abdsc "
2|"@Ben Johnson Link to the full video: "
0|"@Towards Data Science “Visualizing the distribution of numeric data could give us several insights such as the skewness of the data, the mode (highest peak), the distribution shape, and many more.” Zainul Arifin shares examples of how to create effective visualizations. "
2|"@Boaz Barak Looking forward to hearing from @percyliang this Friday 1pm eastern about what works and what doesn't in making models robust to domain shift, adversarial robustness, or restriction to sub-populations. (Spoiler: it's not \""more data and bigger models\"") "
1|@Steven J. Vaughan-Nichols Google’s New ‘Autopilot’ for Kubernetes via @thenewstack &amp; @sjvn #Kubernetes expert's expert @kelseyhightower explains how #Google's Autopilot enables you to use Kubernetes without tears on the @googlecloud
0|"@Nanda Syahrasyad Excited to publish my blog, NotANumber! For the first post, I talk about the sliding window pattern — a method to make your array algorithms a little faster. Check it out! "
0|"@Papers with Code MMDetection comes to Paper with Code! Explore 370 object detection &amp; instance segmentation models by @OpenMMLab: Compare speed vs performance. Linked papers and methods for each model. ...and much more! Browse here: "
2|"@Sebastian Raschka @svpino @itsmeseba @mrdbourke Yeah. I think traditionally this was done in a way similar to video classification (combining CNN + RNN). Actually, I remember seeing BERT being used for that now as well, aptly named ActionBERT :) "
2|"@Alexey Grigorev I have 5 copies of Machine Learning Bookcamp To win one: Follow me Retweet this tweet Winners selected randomly. Results announced on Wednesday ML Bookcamp - Learn machine learning by doing projects @ManningBooks "
0|"@ Paige Bailey @ 127.0.0.1 #BLM Interesting paper describing automated code review recommendations during (i) pre-submit, for code authors; and (ii) post-submit, for reviewers. Produced 16% and 31% meaningful recommendations in two scenarios. Data: Paper: "
0|"@Towards Data Science Four Deep Learning Papers to Read in March 2021 by @RobertTLange "
0|"@Isaac Flath New blog post! Instead of demonstrating @PyTorch stuff in a @fastdotai training loop, this post demonstrates the inverse (@fastdotai stuff in a @PyTorch training loop!). All parts of fastai work seamlessly with pytorch, including the training loop. "
2|"@Jeremy Howard My first interview since I decided to return to Australia. I discuss organizational AI strategy, AI accessibility, the future of deep learning, and much more. Thanks @drjohnflackett of @_AiLab (Adelaide, Australia) for being such a great interviewer! "
0|"@Isaac Flath Multi-GPU in @fastdotai? Super simple! "
0|"@Pete Warden It's great to see materials from @chipro's ML Systems course at Stanford getting released: "
0|"@Pratham The Linux file system explained. "
2|"@DVC Amazing discussion today! #MLOps #DataOps #MachineLearning #DataScience #startuplife "
2|"@Nat Friedman You can now – finally! – drop images and videos onto the Markdown file editor on GitHub. "
0|"@Kosta Derpanis Geoffrey Hinton, How to represent part-whole hierarchies in a neural network, arXiv, 2021 "
2|"@Amit Chaudhary @lilianweng @_sam_sinha_ Had a similar thought experiment a while back. "
0|"@Mike Tamir, PhD How Transformers work in deep learning and NLP: an intuitive introduction #AI #DeepLearning #MachineLearning #DataScience "
2|"@NVIDIA AI Bring accelerated data science into your classroom with the NVIDIA Deep Learning Institute’s newest Teaching Kit. Free for qualified educators, it covers topics like accelerated data science with RAPIDS and ethical AI: "
1|"@PyTorch FairScale, a PyTorch extension for efficient large scale training, is releasing FullyShardedDataParallel, which shards model params across GPUs (+offload to CPU). Details: Inspired by DeepSpeed/@MSFTResearch, and made by @myleott @m1nxu @sam_shleifer "
2|@Data Elixir List of Machine Learning and Deep Learning conferences in 2021 via @tryolabs #MachineLearning #DeepLearning #conferences
0|"@Aran Komatsuzaki DALL-E paper and code were just released blog: code: "
